{
  "precision": 0.9529698332396478,
  "recall": 0.9517215568862275,
  "f1": 0.952345286021908,
  "report": {
    "LOC": {
      "precision": 0.9661458333333334,
      "recall": 0.946773605541378,
      "f1-score": 0.9563616276928742,
      "support": 2743
    },
    "ORG": {
      "precision": 0.9069767441860465,
      "recall": 0.9345047923322684,
      "f1-score": 0.9205350118017308,
      "support": 1252
    },
    "PER": {
      "precision": 0.9705665930831494,
      "recall": 0.977761304670126,
      "f1-score": 0.9741506646971936,
      "support": 1349
    },
    "micro avg": {
      "precision": 0.9529698332396478,
      "recall": 0.9517215568862275,
      "f1-score": 0.952345286021908,
      "support": 5344
    },
    "macro avg": {
      "precision": 0.9478963902008432,
      "recall": 0.9530132341812575,
      "f1-score": 0.9503491013972662,
      "support": 5344
    },
    "weighted avg": {
      "precision": 0.9533995581256423,
      "recall": 0.9517215568862275,
      "f1-score": 0.9524586501148643,
      "support": 5344
    }
  }
}