{
  "precision": 0.9079915878023134,
  "recall": 0.9179659815733522,
  "f1": 0.9129515418502203,
  "report": {
    "LOC": {
      "precision": 0.9266984505363528,
      "recall": 0.9333733493397359,
      "f1-score": 0.9300239234449761,
      "support": 1666
    },
    "MISC": {
      "precision": 0.7922437673130194,
      "recall": 0.8148148148148148,
      "f1-score": 0.8033707865168538,
      "support": 702
    },
    "ORG": {
      "precision": 0.8964071856287426,
      "recall": 0.901264298615292,
      "f1-score": 0.8988291804262986,
      "support": 1661
    },
    "PER": {
      "precision": 0.9517114914425427,
      "recall": 0.9640866873065016,
      "f1-score": 0.957859120270686,
      "support": 1615
    },
    "micro avg": {
      "precision": 0.9079915878023134,
      "recall": 0.9179659815733522,
      "f1-score": 0.9129515418502203,
      "support": 5644
    },
    "macro avg": {
      "precision": 0.8917652237301643,
      "recall": 0.903384787519086,
      "f1-score": 0.8975207526647035,
      "support": 5644
    },
    "weighted avg": {
      "precision": 0.9082177776853917,
      "recall": 0.9179659815733522,
      "f1-score": 0.913055261608682,
      "support": 5644
    }
  }
}